sample_id,target
ID1001187975__Dry_Clover_g,0.8288795
ID1001187975__Dry_Dead_g,4.371152499999997
ID1001187975__Dry_Green_g,1.3979044999999988
ID1001187975__Dry_Total_g,4.765026999999993
ID1001187975__GDM_g,4.528073499999993
